Name,ID
Steven Harvey,2908063
Rebecca Cruez,1805767
Joanna Kellogg,2318993
Ricardo Maduro,2715685
Victoria Rigling,2646702
Drew Foster,1193233
Norm Krumpe,355450
Garrett Goodman,2680128
Samer Khamaiseh,2841503
Ann Sobel,192481
Hakam Alomari,2055465
Christopher DeWitt,2379933
Kaylynn Borror,2714323
DJ Rao,709771
Zulal Sevkli,2752165
Behrouz Zolfaghari,2934773
Cynthia Johnson,2856300
Xianglong Feng,2752853
Vaskar Raychoudhury,2349002
Philippe Giabbanelli,2626755
Alan Ferrenberg,2491654
Kurt Johnson,2589081
Michael Zmuda,1281160
Tony Cimasko,2303099
Jen Sammons,2630884
John Tchernev,2554547
Katie Johnson,543817
James Porter,2256362
Gabriele Bechtel,2555456
James Bromley,1198928
Kaara Peterson,786750
Erin Edwards,2897726
Madelyn Detloff,471751
Nalin Asoka Jayasena,602755
Benjamin Sutcliffe,480909
Cynthia Klestinec,1163374
Andrew Hebard,1234719
Theresa Evans,2258276
Amanda Stevens,2262117
Heidi McKee,897074
Joseph Bates,1040168
Brian Roley,576802
Jen Sammons,2630884
Patrick Murphy,1039900
Stefanie Dunning,299244
Keith Tuma,547618
Lana Kay Rosenberg,438074
Emily Cisek,2821101
Jennifer Siliko,2824819
Elizabeth Troy,2242509
Bill Sparks,2900335
Ruchelle Dunwoody,2901291
Sam Morris,2755615
Adam Beissel,2326660
Brendan Danker,2397026
Jerred Wang,2940582
Robin Vealey,544660
Callie Maddox,2268412
Lizzy Compton,2740484
Achut Adhikari,2171513
Lisa Werwinski,2044466
Stephen Wright,1198564
Michael O'Connell,2439242
Michael Hughes,789255
Byran Smucker,1735563
Jing Zhang,1281495
Maria Weese,1490021
